Parent Category,Child Category,Sub-Child Category
Air Filtration,,
,Accessories,
,,Breather Adapters
,,Filter Cleaning
,,PCV Valves
,,"Spacers, Grommets & Gaskets"
,,Studs & Nuts
,Air Filters,
,,Air Filter Assemblies
,,"Air Filter Bases, Lids & Tops"
,,Direct Replacement Filters
,,Pod Filters
,,Round Filters
,Breathers,
,Intake Systems,
Apparel & Promotional,,
,Banners,
,Clothing,
,,Hats
,,Hoodies
,,Singlets
,,T-Shirts
,Displays,
,Ear Plugs,
,Key Chains,
,Pens,
,Stickers,
,Stubby Coolers,
"Brake Hose, Fittings & Accessories",,
,Accessories,
,,Clamps & Separators
,,Replacement Olive Inserts
,,"Washers, Seals & O-Rings"
,,Launch Controls
,Fittings & Adapters,
,,Banjos & Bolts
,,Quick Release
,,Sleeves & Nuts
,Hoses & Hardline,
,,Hardline
,,Hoses
,Reservoirs,
,Tools,
,Vacuum Pumps & Tanks,
,Valves,
"Cooling, Insulation & Air Conditioning",,
,Air Conditioning,
,,Accessories
,,Bulkheads
,,Fitting Adapters
,,Hose & Hose Ends
,,"Replacement Olives, O-Rings & Valves"
,Cooling,
,,Accessories
,,Adapters & Spacers
,,Coolant Adapters & Cross-Overs
,,Heat Exchangers
,,Radiator Caps & Covers
,,Radiator Fillers
,,Supercharger Adapters & Fillers
,,Thermostats
,,Thermostat Housings
,,Water Pumps & Plates
,Insulation,
,,Exhaust Wraps
,,Fuel Jug Covers
,,Heat Barriers
,,"Heat Shields, Sleeves & Wraps"
,,Noise & Heat Insulation
,,Spark Plug Boots
,,Turbo & Wastegate Bags
Electrical Accessories & Gauges,,
,Ignition,Accessories
,,Coils
,,Distributors
,,Ignition Leads
,,Tools
,Electrical,
,,Alternators
,,Battery Trays & Boxes
,,Electric Fans & Controllers
,,Lighting & Accessories
,,Power Windows
,,Starter Motors
,,"Switches, Sensors, Relays & Fuses"
,,Wiring Harnesses & Adapters
,,Wiring Terminals
,Gauges,
,,Gauges
,,Gauge Accessories
,Engine Components,
,,Balancer Bolts
,,Block Off Plates
,,Brackets
,,Camshaft Components
,,Cylinder Heads
,,Distributor Clamps
,,Engine Dipsticks
,,Gaskets
,,Pulleys & Belts
,,Timing Covers & Pointers
,,Valve Covers
,,Welsh Plugs
,Engine Accessories,
,,Bonnet & Accessories
,,Cables
,,Carburettor Spacers & Accessories
,,Throttle Brackets & Linkages
,,Engine Mounts
"Fabrication, Exhaust, Alloy & Stainless Bends",,
,Exhaust,Catalytic Converters
,,Exhaust Hangers
,,Exhaust Manifolds
,,Flanges
,,Flex Joints
,,Gaskets
,,Header Flanges
,,Merge Collectors
,,Mufflers
,,V-Band Clamps
"Fabrication, Exhaust, Alloy & Stainless Bends",,
,"Tubes, Bends, Pipes & Donuts",
,,Bends
,,Donuts
,,Pie Cuts & Transition Cones
,,Pipes
,,Tube & Tank Ends
,Weld-On,
,,Bungs & Fittings
,,Filler Necks & Caps
,,Intercooler Clamps
"Fuel System, EFI & Accessories",,
,Adapters & Fittings,
,Check Valves,
,Fuel Cooler Tanks,
,Fuel Filters & Accessories,
,,Brackets
,,Fuel Filters
,,Replacement Filter Elements
,Fuel Injectors & Bungs,
,Fuel Logs & Distribution Blocks,
,Fuel Pressure Gauges,
,Fuel Pumps & Accessories,
,,Carburettor Pumps & Accessories
,,EFI Pumps & Accessories
,Fuel Rails & Accessories,
,,Carburettor Rails & Accessories
,,EFI Rails & Accessories
,Fuel Regulators & Accessories,
,,Carburettor Regulators & Accessories
,,EFI Regulators & Accessories
,Shut-Off valves,
,Surge Tanks,
,Throttle Bodies & Adapters,
Hardline & Fittings,,
,Accessories,
,,Clamps & Separators
,,Replacement Olives
,Fittings,
,,Sleeves & Nuts
,Hardline,
,,Aluminium
,,Steel
,Tools,
Hose & Tube,,
,Hardline,
,,Aluminium
,,Nylon
,,Steel
,,Tools
,Hoses,
,,Accessories
,,100 Series Stainless Steel Braid
,,200 Series PTFE Stainless Braid
,,800 Series A/C Nylon Stainless Steel Braid
,,200 Series PTFE Stainless Steel Coated Braid
,,111 Series Stainless Steel Braid Cover
,,Kryptalon
,,450 Series Nylon Braid
,,250 Series PTFE Nylon Braid
,,400 Series Push Lock
,,500 Series Push Lock
,,PVC
,,120 Series Nylon
,,Silicone
,,Tools
"Hose Ends, Fittings & Adapters",,
,Accessories,
,,Hose End Sockets
,,O-Rings & Seals
,,Replacement Olives
,,Washers
,Adapters,
,,NPT Adapters
,,ORB Adapters
,,Transmission Adapters
,Fittings,
,,Banjos
,,Barb Fittings
,,Bulkheads
,,Couplers
,,Extensions
,,Flare Caps
,,Low Profile
,,NPT Fittings
,,Plugs
,,Push to Connect
,,Quick Release
,,Tee Fittings
,,T-Pieces
,Hose Ends,
,,100 Series Taper
,,150 Series Full Flow Taper
,,Forged Male Taper
,,500 Series Cutter
,,550 Series Full Flow Cutter
,,880 Series ELITE Cutter
,,400 Series Push Lock
,,510 Series Full Flow Push Lock
,,200 Series PTFE
,,570 Series Full Flow PTFE
,,Kryptalon
,Tools,
,Y-Blocks,
Kryptalon Hose & Fittings,,
,Accessories,
,,Inner Support Springs
,,Replacement Olives
,,Replacement Sockets
,,Tools
,Fittings,
,Hoses,
Oiling Systems & Accessories,,
,Electric Oil Pumps,
,Engine Dipsticks,
,Oil Coolers & Accessories,
,,
,,
,,Drain Plugs
,,Fabricated Oil Pans
,,Oil Pickups
,,Standard Oil Pans
,,Windage Trays
,Oil Restrictors,
,Remote Filter Heads & Adapters,
,,Block Adapters
,,Bypass Adapters
,,Remote Filter Heads
,,Sandwich Adapters
Racing & Safety Accessories,,
,Bar Mounts,
,Bottle Mounts,
,Fire Suppression,
,Parachute Components & Accessories,
,Roll Bar Padding,
,Speedway Components,
,,Bleeder Control System
,,Bleeder Setting Tank
,,Injector Nozzle Breathers
,,Pro Shock Bump Cup
,,Quick Release Fittings
,Tyre Covers,
,Wheelie Bar Wheels,
Silicone Hose,,
,Accessories,
,Hose Clamps,
,Silicone Hoses,
,,Elbows
,,Heater Hose
,,Hump Hose
,,Reducers / Expanders
,,Straight Hose
,,Tee Hose
,,Vacuum Hose
Speedway Components,,
,Bleeder Control System,
,Bleeder Setting Tank,
,Injector Nozzle Breathers,
,Pro Shock Bump Cup,
,Quick Release Fittings,
Tanks,,
,Bleeder Setting Tanks,
,Brake vacuum Reservoirs,
,Breather Tanks & Catch Cans,
,Fuel Cells,
,Fuel Cell Accessories,
,,Bulkhead Fittings
,,Caps & Assemblies
,,Fillers
,,Fuel Pump Hangers
,,Fuel Sender Units
,,Fuel Tank Sumps
,,One Way Check Valves
,,Rollover Valves & Vents
,,Safety Foam
,,Spill Trays
,Fuel Cooler Tanks,
,Fuel Surge Tanks,
,Overflow & Expansion Tanks,
,Portable Air Tanks,
,Power Steering Reservoirs,
,Universal Fabricated Alloy Tanks,
,Washer Bottles,
Tools & Shop Equipment,,
,Engine Building Tools,
,Electric Tools,
,Hose & Tubs Tools,
,Ignition Tools,
,Pressure Testing Tools,
,Workshop Tools,
,,"Engine Cranes, Cradles & Stands"
,,Spanners & Wrenches
Transmission & Driveline,,
,Transmission Components & Accessories,
,,Accessories
,,Fittings & Adapters
,,Flexplates
,,Inspection Covers & Sandwich Plates
,,Kickdown Cables
,,Shifters & Cables
,,Transmission Dipsticks
,,Transmission Pans & Gaskets
,,Yokes & Universal Joints
,Driveline Components & Accessories,
,,Accessories
,,Axles
,,Differential Components & Accessories
,,Pinion Supports & Components
,,Yokes & Universal Joints
"Turbos, Nitrous & Supercharger Accessories",,
,"Turbochargers, Components & Accessories",
,,Bellmouths & Screens
,,Blow Off Valves & Components
,,Boost Controllers
,,"Hoses, Fittings, Filters & Adapters"
,,Intercoolers
,,Turbochargers
,,Turbocharger Components
,,Turbo Bags
,,Turbo Timers
,,Wastegates
,Nitrous Components & Accessories,
,Supercharger Components & Accessories,
,,Air Bleeds & Relief Valves
,,Blower Belt Guards
,,Blower Pulleys & Components
,,Blower Studs
,,Deflector Shields
,,Intake Spacers & Adapters
